Year,Production,Imports,Exports,Shipments,Stocks,Apparent consumption,Unit value ($/t),Unit value (98$/t),World production,Estimated,Log. Estimated,Resources
1900,86100,328000,NA,NA,NA,652000,01.09.73,191,1420000,953638,999085,8105595582
1901,242000,375000,NA,NA,NA,767000,05.12.13,100,1420000,1010663,1055802,8104539780
1902,208000,389000,NA,NA,NA,770000,01.04.48,84.50,4390000,1070824,1115509,8103424270
1903,233000,400000,NA,NA,NA,791000,01.04.69,85.30,4540000,1134275,1178345,8102245925
1904,334000,338000,NA,61000,NA,549000,01.10.20,186,1320000,1201172,1244458,8101001467
1905,326000,336000,NA,165000,NA,620000,14.30,259,1420000,1271678,1313998,8099687468
1906,405000,368000,22600,188000,NA,768000,14.90,270,1320000,1345965,1387125,8098300342
1907,292000,330000,36500,276000,NA,721000,20.40,357,1320000,1424208,1464002,8096836340
1908,465000,348000,28300,210000,NA,804000,16.20,294,1220000,1506589,1544798,8095291542
1909,378000,368000,37700,262000,NA,702000,18.20,331,1320000,1593298,1629690,8093661851
1910,348000,424000,31200,255000,NA,767000,17.70,311,1420000,1684530,1718861,8091942990
1911,431000,521000,28600,258000,NA,254000,17.70,311,1420000,1780489,1812500,8090130490
1912,1080000,505000,58700,310000,NA,279000,17.10.13,289,1630000,1881384,1910802,8088219687
1913,782000,439000,92000,324000,NA,249000,17.30,285,1830000,1987431,2013972,8086205714
1914,735000,529000,102000,347000,NA,272000,17.90,292,1070000,2098854,2122219,8084083495
1915,896000,499000,49500,299000,NA,286000,16.60,268,1290000,2215884,2235759,8081847735
1916,1100000,631000,141000,779000,NA,670000,15.70,235,1440000,2338760,2354818,8079492916
1917,1680000,477000,165000,1140000,NA,984000,21.10.13,268,1980000,2467727,2479628,8077013288
1918,1880000,246000,145000,1290000,NA,1150000,21.70,234,2140000,2603037,2610428,8074402860
1919,1570000,192000,231000,689000,NA,461000,14.90,140,1800000,2744953,2747465,8071655394
1920,1680000,164000,489000,1540000,1120000,1060000,19.50,159,1590000,2893742,2890994,8068764399
1921,1970000,106000,290000,970000,NA,679000,17.50,160,2230000,3049680,3041280,8065723119
1922,1930000,137000,496000,1370000,NA,872000,16.10.13,156,2090000,3213050,3198592,8062524527
1923,2150000,129000,482000,1640000,3050000,1170000,15.80,151,2380000,3384145,3363211,8059161316
1924,1310000,122000,492000,1560000,2740000,1070000,16.00,153,3860000,3563263,3535424,8055625892
1925,1500000,135000,642000,1960000,2290000,1250000,14.80,138,4780000,3750711,3715528,8051910363
1926,1990000,179000,592000,2400000,NA,1510000,17.20,158,5490000,3946804,3903827,8048006535
1927,2470000,126000,816000,2410000,NA,1290000,17.50,164,5890000,4151864,4100636,8043905898
1928,2400000,229000,716000,2460000,2030000,1400000,16.80,160,5690000,4366221,4306277,8039599621
1929,2810000,253000,887000,2800000,1930000,1590000,16.90,161,6200000,4590213,4521081,8035078540
1930,3000000,180000,619000,2350000,3300000,1400000,16.70,163,6400000,4824186,4745387,8030333152
1931,2490000,172000,426000,1730000,3080000,972000,16.30,175,5180000,5068491,4979545,8025353606
1932,1110000,124000,366000,1350000,3560000,761000,16.80,199,3760000,5323491,5223914,8020129692
1933,1690000,188000,540000,1930000,3350000,1130000,16.60,209,4570000,5589552,5478860,8014650832
1934,1750000,185000,526000,1960000,3150000,1120000,16.00,194,5080000,5867049,5744759,8008906072
1935,2000000,196000,420000,2010000,3150000,1240000,15.70,187,5690000,6156366,6021998,8002884074
1936,2440000,211000,576000,2370000,3150000,1430000,15.90,187,5390000,6457891,6310970,7996573104
1937,3210000,257000,700000,2910000,3450000,1810000,16.20,183,5990000,6772021,6612080,7989961023
1938,2820000,166000,601000,2040000,4270000,1060000,14.50,168,5590000,7099158,6925741,7983035282
1939,2550000,250000,663000,2660000,4060000,1620000,14.20,167,7320000,7439712,7252376,7975782906
1940,3260000,227000,779000,3030000,4270000,1850000,14.30,166,7930000,7794100,7592415,7968190490
1941,3710000,209000,773000,3920000,3960000,2380000,14.60,161,7520000,8162742,7946300,7960244190
1942,4080000,173000,595000,3690000,4370000,2510000,14.30,143,8030000,8546068,8314480,7951929710
1943,3230000,142000,693000,3560000,3860000,2570000,14.10.13,133,6710000,8944511,8697414,7943232295
1944,3940000,88400,686000,4210000,3560000,2950000,15.00,139,6600000,9358509,9095571,7934136723
1945,4440000,91200,958000,4460000,3560000,2950000,15.60,141,6200000,9788508,9509428,7924627295
1946,4570000,89200,1270000,4800000,3250000,3590000,15.20,127,7320000,10234956,9939469,7914687826
1947,5190000,61700,1370000,5580000,3430000,4290000,16.00,117,8640000,10698308,10386190,7904301635
1948,5600000,52400,1320000,5720000,3280000,4500000,16.30,110,9450000,11179021,10850094,7893451540
1949,5480000,59000,1480000,5500000,3150000,4160000,16.30,112,9960000,11677557,11331693,7882119846
1950,6080000,102000,1500000,6340000,2700000,5070000,17.80,120,10800000,12194383,11831507,7870288338
1951,6300000,110000,1330000,6010000,2880000,4900000,19.60,123,11400000,12729966,12350065,7857938273
1952,6390000,149000,1360000,6200000,3210000,4910000,19.70,121,12100000,13284780,12887902,7845050370
1953,6350000,93800,1290000,6390000,3180000,5130000,24.30,148,11700000,13859298,13445564,7831604806
1954,6780000,137000,1700000,6580000,3390000,4990000,24.20,147,12800000,14453996,14023603,7817581202
1955,7140000,209000,1660000,7220000,3350000,5720000,25.50,155,15500000,15069354,14622578,7802958624
1956,7940000,394000,1700000,7150000,4120000,5840000,24.10.13,145,17000000,15705850,15243057,7787715566
1957,7120000,680000,1620000,6610000,4650000,5640000,21.90,127,17000000,16363965,15885614,7771829951
1958,6240000,767000,1630000,6190000,4690000,5350000,23.40,132,16100000,17044181,16550830,7755279121
1959,6270000,789000,1660000,6970000,4010000,6010000,23.10.13,129,17200000,17746977,17239292,7738039828
1960,6770000,902000,1820000,6840000,3840000,5960000,22.80,125,19600000,18472834,17951595,7720088232
1961,7290000,982000,1620000,6950000,4890000,5990000,22.80,124,20600000,19222232,18688339,7701399892
1962,6870000,1150000,1560000,6810000,5010000,6340000,21.50,116,21300000,19995649,19450129,7681949763
1963,6750000,1490000,1640000,6830000,4760000,6710000,19.60,104,21900000,20793561,20237577,7661712185
1964,7210000,1610000,1960000,7990000,4290000,7370000,19.80,104,23500000,21616442,21051299,7640660886
1965,8340000,1670000,2680000,9310000,3480000,8110000,22.10.13,114,25200000,22464764,21891916,7618768969
1966,9300000,1700000,2410000,9920000,2750000,9290000,25.30,127,26500000,23338994,22760055,7596008914
1967,9280000,1670000,2230000,9960000,1990000,9400000,32.10,156,28400000,24239595,23656344,7572352569
1968,9890000,1740000,1630000,9060000,2700000,9220000,39.00,182,29500000,25167029,24581418,7547771151
1969,9690000,1820000,1580000,9070000,3390000,9320000,26.60,118,30700000,26121749,25535913,7522235238
1970,9710000,1690000,1460000,8100000,3890000,9380000,22.80,95.70,41900000,27104205,26520469,7495714769
1971,9730000,1450000,1560000,8450000,4190000,9320000,17.20,69.20,42700000,28114840,27535729,7468179039
1972,10400000,1210000,1880000,9690000,3860000,10000000,16.80,65.40,45500000,29154092,28582338,7439596701
1973,11100000,1240000,1800000,10000000,3990000,10400000,17.60,64.50,48200000,30222392,29660941,7409935760
1974,11600000,2180000,2710000,10600000,4020000,11000000,28.40,94.00,51200000,31320162,30772187,7379163572
1975,11400000,1930000,1370000,9120000,5210000,10800000,44.90,136,50700000,32447817,31916724,7347246848
1976,10900000,1760000,1290000,9150000,5650000,10900000,45.70,131,50900000,33605765,33095201,7314151646
1977,10700000,2010000,1200000,9660000,5560000,11700000,44.40,119,52300000,34794404,34308268,7279843378
1978,11200000,2180000,866000,9820000,5350000,12600000,45.20,113,52100000,36014122,35556573,7244286804
1979,12100000,2490000,2040000,11600000,4240000,13700000,55.80,125,53200000,37265298,36840764,7207446040
1980,11900000,2520000,1780000,11500000,3090000,13700000,89.10,176,55000000,38548301,38161486,7169284553
1981,12100000,2640000,1470000,10100000,3630000,12800000,111,200,53600000,39863488,39519386,7129765167
1982,9790000,2050000,1040000,7940000,4220000,10100000,108,183,50600000,41211208,40915103,7088850063
1983,9290000,1840000,1050000,9150000,3220000,11000000,87.20,143,49800000,42591794,42349279,7046500784
1984,10700000,2700000,1370000,10200000,2420000,12700000,94.30,148,52500000,44005571,43822548,7002678236
1985,11600000,2250000,1410000,9940000,2800000,12000000,106,161,53800000,45452847,45335542,6957342693
1986,11100000,1600000,1920000,9910000,2750000,10600000,105,156,53700000,46933922,46888890,6910453803
1987,10500000,1850000,1270000,9790000,2320000,11300000,89.80,129,57000000,48449080,48483213,6861970590
1988,10700000,2310000,1270000,10800000,1110000,12700000,86.00,118,59200000,49998592,50119130,6811851459
1989,11600000,2670000,1070000,10300000,1300000,12700000,86.60,114,58900000,51582714,51797252,6760054206
1990,11600000,3120000,1020000,10200000,1420000,13100000,80.10,100,57800000,53201689,53518185,6706536021
1991,10800000,3620000,1250000,11100000,1190000,13500000,71.50,85.50,54600000,54855744,55282526,6651253495
1992,10700000,3380000,1010000,11000000,809000,13400000,48.10,55.90,50700000,56545092,57090867,6594162628
1993,11000000,2840000,703000,10500000,1380000,12600000,31.90,35.90,51600000,58269931,58943790,6535218837
1994,11500000,2350000,945000,11700000,1160000,13100000,30.10.13,33.10,53400000,60030441,60841872,6474376965
1995,11800000,3140000,962000,12100000,583000,14300000,44.50,47.60,54800000,61826790,62785677,6411591287
1996,11800000,2640000,893000,11800000,646000,13600000,34.10,35.40,55200000,63659126,64775763,6346815524
1997,12000000,2720000,742000,12000000,761000,14000000,36.10,36.60,56900000,65527582,66812676,6280002848
1998,11700000,2940000,940000,12200000,283000,14200000,29.10.13,29.10.13,57400000,67432276,68896952,6211105896
1999,11500000,3030000,736000,11300000,451000,13800000,37.80,37.00,57400000,69373306,71029118,6140076777
2000,10500000,2790000,849000,10700000,208000,12700000,24.70,23.40,59300000,71350756,73209687,6066867090
2001,9470000,2190000,780000,9450000,232000,10900000,01.10.00,01.09.20,59500000,73364691,75439163,5991427926
2002,9330000,2910000,757000,9320000,181000,11500000,01.11.80,01.10.70,62000000,75415160,77718036,5913709889
2003,9650000,3160000,907000,9690000,206000,11900000,28.70,25.40,64100000,77502193,80046784,5833663105
2004,10100000,3630000,1020000,10100000,185000,12800000,32.60,28.10.13,66400000,79625803,82425872,5751237232
2005,9500000,3700000,794000,9480000,160000,12400000,30.80,25.70,68500000,81785988,84855751,5666381481
2006,9060000,3750000,716000,8960000,221000,12000000,32.90,26.60,67000000,83982724,87336858,5579044623
2007,9100000,3790000,1030000,9130000,187000,11900000,36.50,28.70,67600000,86215972,89869617,5489175006
2008,9300000,4690000,1040000,9280000,211000,12900000,264,200,68100000,88485675,92454436,5396720570
2009,8940000,2110000,1510000,8860000,232000,9520000,01.01.70,01.01.30,66600000,90791758,95091708,5301628861
2010,9070000,3640000,1520000,9140000,164000,11300000,70.50,50.90,68100000,93134128,97781811,5203847050
2011,,,,,,,,,,95512674,100525107,5103321942
2012,,,,,,,,,,97927270,103321942,5000000000
2013,,,,,,,,,,100377768,106172645,4893827354
2014,,,,,,,,,,102864007,109077527,4784749826
2015,,,,,,,,,,105385806,112036885,4672712941
2016,,,,,,,,,,107942967,115050996,4557661944
2017,,,,,,,,,,110535277,118120120,4439541824
2018,,,,,,,,,,113162503,121244498,4318297326
2019,,,,,,,,,,115824397,124424354,4193872971
2020,,,,,,,,,,118520695,127659893,4066213078
2021,,,,,,,,,,121251116,130951302,3935261775
2022,,,,,,,,,,124015363,134298747,3800963027
2023,,,,,,,,,,126813123,137702378,3663260649
2024,,,,,,,,,,129644069,141162323,3522098326
2025,,,,,,,,,,132507855,144678691,3377419634
2026,,,,,,,,,,135404125,148251572,3229168062
2027,,,,,,,,,,138332504,151881036,3077287025
2028,,,,,,,,,,141292605,155567134,2921719891
2029,,,,,,,,,,144284026,159309896,2762409994
2030,,,,,,,,,,147306353,163109333,2599300661
2031,,,,,,,,,,150359156,166965433,2432335227
2032,,,,,,,,,,153441994,170878169,2261457058
2033,,,,,,,,,,156554412,174847489,2086609568
2034,,,,,,,,,,159695944,178873324,1907736244
2035,,,,,,,,,,162866111,182955583,1724780660
2036,,,,,,,,,,166064424,187094157,1537686503
2037,,,,,,,,,,169290382,191288914,1346397588
2038,,,,,,,,,,172543472,195539704,1150857883
2039,,,,,,,,,,175823174,199846358,951011525
2040,,,,,,,,,,179128955,204208684,746802841
2041,,,,,,,,,,182460274,208626473,538176367
2042,,,,,,,,,,185816581,213099496,325076871
2043,,,,,,,,,,189197317,217627503,107449367
2044,,,,,,,,,,192601916,222210226,-114760858
2045,,,,,,,,,,196029803,226847377,-341608236
2046,,,,,,,,,,199480395,231538651,-573146887
2047,,,,,,,,,,202953104,236283720,-809430608
2048,,,,,,,,,,206447336,241082243,-1050512851
2049,,,,,,,,,,209962489,245933856,-1296446708
2050,,,,,,,,,,213497955,250838178,-1547284886
2051,,,,,,,,,,217053125,255794812,-1803079699
2052,,,,,,,,,,220627380,260803341,-2063883041
2053,,,,,,,,,,224220102,265863332,-2329746374
2054,,,,,,,,,,227830664,270974334,-2600720708
2055,,,,,,,,,,231458439,276135880,-2876856588
2056,,,,,,,,,,235102797,281347485,-3158204073
2057,,,,,,,,,,238763103,286608649,-3444812723
2058,,,,,,,,,,242438723,291918857,-3736731580
2059,,,,,,,,,,246129018,297277576,-4034009156
2060,,,,,,,,,,249833351,302684259,-4336693416
2061,,,,,,,,,,253551082,308138345,-4644831761
2062,,,,,,,,,,257281570,313639257,-4958471019
2063,,,,,,,,,,261024175,319186404,-5277657423
2064,,,,,,,,,,264778258,324779182,-5602436606
2065,,,,,,,,,,268543177,330416973,-5932853579
2066,,,,,,,,,,272318296,336099145,-6268952724
2067,,,,,,,,,,276102976,341825055,-6610777780
2068,,,,,,,,,,279896581,347594047,-6958371827
2069,,,,,,,,,,283698479,353405452,-7311777280
2070,,,,,,,,,,287508037,359258592,-7671035872
2071,,,,,,,,,,291324628,365152774,-8036188647
2072,,,,,,,,,,295147624,371087298,-8407275945
2073,,,,,,,,,,298976404,377061453,-8784337399
2074,,,,,,,,,,302810348,383074515,-9167411914
2075,,,,,,,,,,306648841,389125755,-9556537670
2076,,,,,,,,,,310491274,395214431,-9951752101
2077,,,,,,,,,,314337038,401339795,-10353091897
2078,,,,,,,,,,318185532,407501090,-10760592987
2079,,,,,,,,,,322036159,413697550,-11174290537
2080,,,,,,,,,,325888327,419928402,-11594218940
2081,,,,,,,,,,329741451,426192869,-12020411809
2082,,,,,,,,,,333594949,432490162,-12452901972
2083,,,,,,,,,,337448246,438819491,-12891721463
2084,,,,,,,,,,341300774,445180056,-13336901519
2085,,,,,,,,,,345151971,451571055,-13788472575
2086,,,,,,,,,,349001280,457991679,-14246464254
2087,,,,,,,,,,352848153,464441115,-14710905370
2088,,,,,,,,,,356692046,470918546,-15181823917
2089,,,,,,,,,,360532424,477423152,-15659247069
2090,,,,,,,,,,364368759,483954108,-16143201178
2091,,,,,,,,,,368200531,490510587,-16633711765
2092,,,,,,,,,,372027224,497091760,-17130803526
2093,,,,,,,,,,375848335,503696794,-17634500321
2094,,,,,,,,,,379663364,510324857,-18144825178
2095,,,,,,,,,,383471821,516975113,-18661800292
2096,,,,,,,,,,387273223,523646727,-19185447020
2097,,,,,,,,,,391067097,530338861,-19715785881
2098,,,,,,,,,,394852976,537050679,-20252836561
2099,,,,,,,,,,398630401,543781345,-20796617906
2100,,,,,,,,,,402398923,550530020,-21347147927
2101,,,,,,,,,,406158101,557295871,-21904443799
2102,,,,,,,,,,409907501,564078062,-22468521862
2103,,,,,,,,,,413646699,570875761,-23039397623
2104,,,,,,,,,,417375279,577688135,-23617085758
2105,,,,,,,,,,421092833,584514356,-24201600115
2106,,,,,,,,,,424798963,591353597,-24792953712
2107,,,,,,,,,,428493277,598205034,-25391158747
2108,,,,,,,,,,432175395,605067846,-25996226593
2109,,,,,,,,,,435844943,611941214,-26608167808
2110,,,,,,,,,,439501557,618824326,-27226992134
2111,,,,,,,,,,443144882,625716370,-27852708505
2112,,,,,,,,,,446774569,632616541,-28485325047
2113,,,,,,,,,,450390281,639524038,-29124849085
2114,,,,,,,,,,453991689,646438062,-29771287147
2115,,,,,,,,,,457578470,653357822,-30424644970
2116,,,,,,,,,,461150312,660282532,-31084927503
2117,,,,,,,,,,464706911,667211410,-31752138914
2118,,,,,,,,,,468247971,674143681,-32426282595
2119,,,,,,,,,,471773206,681078575,-33107361170
2120,,,,,,,,,,475282337,688015328,-33795376499
2121,,,,,,,,,,478775094,694953183,-34490329682
2122,,,,,,,,,,482251215,701891389,-35192221071
2123,,,,,,,,,,485710445,708829203,-35901050274
2124,,,,,,,,,,489152541,715765886,-36616816161
2125,,,,,,,,,,492577264,722700711,-37339516872
2126,,,,,,,,,,495984386,729632953,-38069149826
2127,,,,,,,,,,499373685,736561897,-38805711723
2128,,,,,,,,,,502744948,743486836,-39549198560
2129,,,,,,,,,,506097971,750407071,-40299605632
2130,,,,,,,,,,509432555,757321908,-41056927540
2131,,,,,,,,,,512748511,764230665,-41821158205
2132,,,,,,,,,,516045656,771132665,-42592290871
2133,,,,,,,,,,519323817,778027241,-43370318112
2134,,,,,,,,,,522582826,784913734,-44155231846
2135,,,,,,,,,,525822524,791791494,-44947023340
2136,,,,,,,,,,529042758,798659878,-45745683219
2137,,,,,,,,,,532243382,805518255,-46551201474
2138,,,,,,,,,,535424259,812365999,-47363567473
2139,,,,,,,,,,538585258,819202495,-48182769969
2140,,,,,,,,,,541726253,826027137,-49008797107
2141,,,,,,,,,,544847129,832839329,-49841636436
2142,,,,,,,,,,547947774,839638481,-50681274917
2143,,,,,,,,,,551028084,846424015,-51527698932
2144,,,,,,,,,,554087961,853195361,-52380894293
2145,,,,,,,,,,557127315,859951959,-53240846253
2146,,,,,,,,,,560146059,866693259,-54107539512
2147,,,,,,,,,,563144117,873418718,-54980958231
2148,,,,,,,,,,566121413,880127805,-55861086036
2149,,,,,,,,,,569077883,886819997,-56747906033
2150,,,,,,,,,,572013465,893494781,-57641400815
2151,,,,,,,,,,574928105,900151653,-58541552469
2152,,,,,,,,,,577821752,906790120,-59448342589
2153,,,,,,,,,,580694362,913409696,-60361752286
2154,,,,,,,,,,583545898,920009908,-61281762194
2155,,,,,,,,,,586376327,926590288,-62208352483
2156,,,,,,,,,,589185620,933150382,-63141502866
2157,,,,,,,,,,591973754,939689743,-64081192610
2158,,,,,,,,,,594740712,946207934,-65027400545
2159,,,,,,,,,,597486482,952704528,-65980105073
2160,,,,,,,,,,600211055,959179107,-66939284180
2161,,,,,,,,,,602914427,965631261,-67904915442
2162,,,,,,,,,,605596601,972060593,-68876976036
2163,,,,,,,,,,608257581,978466713,-69855442749
2164,,,,,,,,,,610897378,984849239,-70840291989
2165,,,,,,,,,,613516007,991207802,-71831499791
2166,,,,,,,,,,616113486,997542039,-72829041831
2167,,,,,,,,,,618689838,1003851598,-73832893430
2168,,,,,,,,,,621245090,1010136135,-74843029565
2169,,,,,,,,,,623779271,1016395317,-75859424883
2170,,,,,,,,,,626292417,1022628817,-76882053700
2171,,,,,,,,,,628784566,1028836320,-77910890020
2172,,,,,,,,,,631255759,1035017518,-78945907539
2173,,,,,,,,,,633706041,1041172114,-79987079653
2174,,,,,,,,,,636135461,1047299817,-81034379470
2175,,,,,,,,,,638544071,1053400346,-82087779817
2176,,,,,,,,,,640931926,1059473430,-83147253247
2177,,,,,,,,,,643299083,1065518805,-84212772053
2178,,,,,,,,,,645645606,1071536215,-85284308269
2179,,,,,,,,,,647971556,1077525415,-86361833684
2180,,,,,,,,,,650277002,1083486166,-87445319851
2181,,,,,,,,,,652562013,1089418238,-88534738090
2182,,,,,,,,,,654826662,1095321410,-89630059500
2183,,,,,,,,,,657071024,1101195467,-90731254967
2184,,,,,,,,,,659295176,1107040204,-91838295172
2185,,,,,,,,,,661499199,1112855424,-92951150597
2186,,,,,,,,,,663683174,1118640937,-94069791534
2187,,,,,,,,,,665847187,1124396561,-95194188096
2188,,,,,,,,,,667991323,1130122122,-96324310218
2189,,,,,,,,,,670115673,1135817452,-97460127670
2190,,,,,,,,,,672220327,1141482393,-98601610064
2191,,,,,,,,,,674305379,1147116794,-99748726858
2192,,,,,,,,,,676370921,1152720509,-100901447367
2193,,,,,,,,,,678417053,1158293401,-102059740769
2194,,,,,,,,,,680443871,1163835340,-103223576110
2195,,,,,,,,,,682451477,1169346204,-104392922314
2196,,,,,,,,,,684439971,1174825876,-105567748191
2197,,,,,,,,,,686409456,1180274247,-106748022438
2198,,,,,,,,,,688360039,1185691213,-107933713652
2199,,,,,,,,,,690291824,1191076680,-109124790333
2200,,,,,,,,,,692204919,1196430558,-110321220892
2201,,,,,,,,,,694099432,1201752764,-111522973657
2202,,,,,,,,,,695975475,1207043222,-112730016879
2203,,,,,,,,,,697833157,1212301860,-113942318739
2204,,,,,,,,,,699672592,1217528615,-115159847354
2205,,,,,,,,,,701493891,1222723429,-116382570783
2206,,,,,,,,,,703297170,1227886249,-117610457033
2207,,,,,,,,,,705082544,1233017029,-118843474062
2208,,,,,,,,,,706850129,1238115729,-120081589792
2209,,,,,,,,,,708600041,1243182313,-121324772105
2210,,,,,,,,,,710332398,1248216753,-122572988859
2211,,,,,,,,,,712047319,1253219023,-123826207882
2212,,,,,,,,,,713744923,1258189107,-125084396990
2213,,,,,,,,,,715425330,1263126989,-126347523980
2214,,,,,,,,,,717088659,1268032663,-127615556643
2215,,,,,,,,,,718735031,1272906125,-128888462769
2216,,,,,,,,,,720364568,1277747377,-130166210146
2217,,,,,,,,,,721977392,1282556425,-131448766572
2218,,,,,,,,,,723573625,1287333282,-132736099855
2219,,,,,,,,,,725153389,1292077963,-134028177819
2220,,,,,,,,,,726716806,1296790490,-135324968310
2221,,,,,,,,,,728264001,1301470887,-136626439197
2222,,,,,,,,,,729795096,1306119185,-137932558382
2223,,,,,,,,,,731310216,1310735416,-139243293799
2224,,,,,,,,,,732809483,1315319621,-140558613420
2225,,,,,,,,,,734293021,1319871840,-141878485260
2226,,,,,,,,,,735760956,1324392120,-143202877381
2227,,,,,,,,,,737213410,1328880513,-144531757894
2228,,,,,,,,,,738650507,1333337071,-145865094965
2229,,,,,,,,,,740072372,1337761853,-147202856819
2230,,,,,,,,,,741479129,1342154921,-148545011740
2231,,,,,,,,,,742870902,1346516339,-149891528079
2232,,,,,,,,,,744247814,1350846177,-151242374257
2233,,,,,,,,,,745609989,1355144508,-152597518766
2234,,,,,,,,,,746957552,1359411405,-153956930171
2235,,,,,,,,,,748290624,1363646949,-155320577121
2236,,,,,,,,,,749609331,1367851222,-156688428343
2237,,,,,,,,,,750913794,1372024307,-158060452651
2238,,,,,,,,,,752204136,1376166295,-159436618946
2239,,,,,,,,,,753480480,1380277274,-160816896221
2240,,,,,,,,,,754742948,1384357341,-162201253562
2241,,,,,,,,,,755991662,1388406591,-163589660154
2242,,,,,,,,,,757226744,1392425123,-164982085277
2243,,,,,,,,,,758448314,1396413041,-166378498318
2244,,,,,,,,,,759656494,1400370447,-167778868766
2245,,,,,,,,,,760851403,1404297451,-169183166217
2246,,,,,,,,,,762033162,1408194160,-170591360378
2247,,,,,,,,,,763201891,1412060687,-172003421066
2248,,,,,,,,,,764357709,1415897147,-173419318213
2249,,,,,,,,,,765500733,1419703654,-174839021867
2250,,,,,,,,,,766631083,1423480329,-176262502197
2251,,,,,,,,,,767748876,1427227291,-177689729488
2252,,,,,,,,,,768854229,1430944663,-179120674151
2253,,,,,,,,,,769947258,1434632569,-180555306720
2254,,,,,,,,,,771028081,1438291136,-181993597857
2255,,,,,,,,,,772096811,1441920492,-183435518349
2256,,,,,,,,,,773153565,1445520766,-184881039116
2257,,,,,,,,,,774198457,1449092091,-186330131208
2258,,,,,,,,,,775231600,1452634600,-187782765808
2259,,,,,,,,,,776253107,1456148426,-189238914235
2260,,,,,,,,,,777263092,1459633707,-190698547942
2261,,,,,,,,,,778261666,1463090581,-192161638524
2262,,,,,,,,,,779248940,1466519185,-193628157709
2263,,,,,,,,,,780225025,1469919661,-195098077371
2264,,,,,,,,,,781190031,1473292151,-196571369522
2265,,,,,,,,,,782144068,1476636796,-198048006318
2266,,,,,,,,,,783087243,1479953742,-199527960061
2267,,,,,,,,,,784019666,1483243133,-201011203194
2268,,,,,,,,,,784941443,1486505116,-202497708311
2269,,,,,,,,,,785852682,1489739838,-203987448149
2270,,,,,,,,,,786753487,1492947447,-205480395596
2271,,,,,,,,,,787643965,1496128092,-206976523689
2272,,,,,,,,,,788524219,1499281924,-208475805613
2273,,,,,,,,,,789394354,1502409092,-209978214705
2274,,,,,,,,,,790254473,1505509750,-211483724455
2275,,,,,,,,,,791104679,1508584048,-212992308504
2276,,,,,,,,,,791945072,1511632141,-214503940645
2277,,,,,,,,,,792775754,1514654181,-216018594826
2278,,,,,,,,,,793596825,1517650323,-217536245150
2279,,,,,,,,,,794408385,1520620722,-219056865873
2280,,,,,,,,,,795210532,1523565534,-220580431407
2281,,,,,,,,,,796003365,1526484913,-222106916321
2282,,,,,,,,,,796786980,1529379017,-223636295338
2283,,,,,,,,,,797561475,1532248002,-225168543340
2284,,,,,,,,,,798326945,1535092024,-226703635365
2285,,,,,,,,,,799083484,1537911242,-228241546608
2286,,,,,,,,,,799831189,1540705814,-229782252422
2287,,,,,,,,,,800570151,1543475896,-231325728318
2288,,,,,,,,,,801300464,1546221647,-232871949966
2289,,,,,,,,,,802022219,1548943226,-234420893192
2290,,,,,,,,,,802735509,1551640790,-235972533983
2291,,,,,,,,,,803440424,1554314500,-237526848483
2292,,,,,,,,,,804137053,1556964512,-239083812996
2293,,,,,,,,,,804825486,1559590987,-240643403983
2294,,,,,,,,,,805505811,1562194082,-242205598065
2295,,,,,,,,,,806178115,1564773957,-243770372023
2296,,,,,,,,,,806842486,1567330771,-245337702794
2297,,,,,,,,,,807499009,1569864681,-246907567476
2298,,,,,,,,,,808147770,1572375848,-248479943325
2299,,,,,,,,,,808788853,1574864429,-250054807754
2300,,,,,,,,,,809422342,1577330583,-251632138338
2301,,,,,,,,,,810048321,1579774468,-253211912807
2302,,,,,,,,,,810666872,1582196243,-254794109050
2303,,,,,,,,,,811278075,1584596064,-256378705115
2304,,,,,,,,,,811882013,1586974090,-257965679206
2305,,,,,,,,,,812478766,1589330479,-259555009685
2306,,,,,,,,,,813068412,1591665387,-261146675072
2307,,,,,,,,,,813651031,1593978971,-262740654044
2308,,,,,,,,,,814226701,1596271388,-264336925432
2309,,,,,,,,,,814795498,1598542794,-265935468226
2310,,,,,,,,,,815357500,1600793344,-267536261571
2311,,,,,,,,,,815912782,1603023195,-269139284767
2312,,,,,,,,,,816461419,1605232502,-270744517269
2313,,,,,,,,,,817003487,1607421418,-272351938688
2314,,,,,,,,,,817539058,1609590099,-273961528788
2315,,,,,,,,,,818068205,1611738698,-275573267486
2316,,,,,,,,,,818591002,1613867368,-277187134855
2317,,,,,,,,,,819107519,1615976263,-278803111119
2318,,,,,,,,,,819617827,1618065535,-280421176654
2319,,,,,,,,,,820121997,1620135335,-282041311990
2320,,,,,,,,,,820620098,1622185815,-283663497805
2321,,,,,,,,,,821112200,1624217126,-285287714932
2322,,,,,,,,,,821598369,1626229419,-286913944352
2323,,,,,,,,,,822078675,1628222842,-288542167194
2324,,,,,,,,,,822553183,1630197545,-290172364739
2325,,,,,,,,,,823021960,1632153676,-291804518416
2326,,,,,,,,,,823485072,1634091384,-293438609801
2327,,,,,,,,,,823942583,1636010816,-295074620617
2328,,,,,,,,,,824394557,1637912119,-296712532736
2329,,,,,,,,,,824841059,1639795438,-298352328175
2330,,,,,,,,,,825282151,1641660919,-299993989094
2331,,,,,,,,,,825717895,1643508707,-301637497801
2332,,,,,,,,,,826148353,1645338946,-303282836747
2333,,,,,,,,,,826573586,1647151779,-304929988527
2334,,,,,,,,,,826993654,1648947350,-306578935877
2335,,,,,,,,,,827408618,1650725800,-308229661678
2336,,,,,,,,,,827818536,1652487271,-309882148949
2337,,,,,,,,,,828223467,1654231904,-311536380854
2338,,,,,,,,,,828623469,1655959838,-313192340692
2339,,,,,,,,,,829018599,1657671212,-314850011904
2340,,,,,,,,,,829408914,1659366166,-316509378071
2341,,,,,,,,,,829794470,1661044837,-318170422909
2342,,,,,,,,,,830175322,1662707363,-319833130272
2343,,,,,,,,,,830551527,1664353879,-321497484151
2344,,,,,,,,,,830923137,1665984521,-323163468673
2345,,,,,,,,,,831290207,1667599424,-324831068097
2346,,,,,,,,,,831652790,1669198722,-326500266819
2347,,,,,,,,,,832010939,1670782548,-328171049368
2348,,,,,,,,,,832364705,1672351036,-329843400404
2349,,,,,,,,,,832714141,1673904316,-331517304720
2350,,,,,,,,,,833059297,1675442519,-333192747240
2351,,,,,,,,,,833400224,1676965777,-334869713018
2352,,,,,,,,,,833736971,1678474218,-336548187236
2353,,,,,,,,,,834069589,1679967971,-338228155208
2354,,,,,,,,,,834398125,1681447164,-339909602373
2355,,,,,,,,,,834722628,1682911924,-341592514298
2356,,,,,,,,,,835043146,1684362378,-343276876676
2357,,,,,,,,,,835359727,1685798650,-344962675326
2358,,,,,,,,,,835672416,1687220865,-346649896191
2359,,,,,,,,,,835981260,1688629148,-348338525339
2360,,,,,,,,,,836286305,1690023621,-350028548961
2361,,,,,,,,,,836587596,1691404407,-351719953368
2362,,,,,,,,,,836885177,1692771627,-353412724995
2363,,,,,,,,,,837179093,1694125401,-355106850397
2364,,,,,,,,,,837469388,1695465851,-356802316248
2365,,,,,,,,,,837756105,1696793094,-358499109343
2366,,,,,,,,,,838039286,1698107250,-360197216593
2367,,,,,,,,,,838318974,1699408435,-361896625029
2368,,,,,,,,,,838595211,1700696766,-363597321795
2369,,,,,,,,,,838868037,1701972359,-365299294154
2370,,,,,,,,,,839137495,1703235329,-367002529483
2371,,,,,,,,,,839403623,1704485790,-368707015274
2372,,,,,,,,,,839666463,1705723856,-370412739131
2373,,,,,,,,,,839926054,1706949639,-372119688770
2374,,,,,,,,,,840182434,1708163251,-373827852022
2375,,,,,,,,,,840435642,1709364804,-375537216826
2376,,,,,,,,,,840685718,1710554406,-377247771233
2377,,,,,,,,,,840932697,1711732169,-378959503402
2378,,,,,,,,,,841176618,1712898199,-380672401602
2379,,,,,,,,,,841417518,1714052606,-382386454208
2380,,,,,,,,,,841655432,1715195495,-384101649704
2381,,,,,,,,,,841890398,1716326974,-385817976679
2382,,,,,,,,,,842122450,1717447148,-387535423827
2383,,,,,,,,,,842351624,1718556120,-389253979948
2384,,,,,,,,,,842577955,1719653996,-390973633944
2385,,,,,,,,,,842801477,1720740878,-392694374823
2386,,,,,,,,,,843022225,1721816869,-394416191692
2387,,,,,,,,,,843240231,1722882069,-396139073761
2388,,,,,,,,,,843455529,1723936580,-397863010342
2389,,,,,,,,,,843668153,1724980501,-399587990843
2390,,,,,,,,,,843878134,1726013931,-401314004775
2391,,,,,,,,,,844085504,1727036970,-403041041745
2392,,,,,,,,,,844290296,1728049714,-404769091460
2393,,,,,,,,,,844492541,1729052260,-406498143721
2394,,,,,,,,,,844692269,1730044705,-408228188426
2395,,,,,,,,,,844889512,1731027143,-409959215570
2396,,,,,,,,,,845084300,1731999670,-411691215241
2397,,,,,,,,,,845276662,1732962378,-413424177619
2398,,,,,,,,,,845466629,1733915361,-415158092981
2399,,,,,,,,,,845654229,1734858712,-416892951694
2400,,,,,,,,,,845839491,1735792521,-418628744215
